comment,0,0
我的城市生病了但我们会治好她看见朋友说尽管我已不在石家庄了但我会为石家庄加油愿春暖花开之季能岁月静好对虽然此刻我不在石家庄但我们会给在河北的你们加油泪,12.431612809094336,0.9999786414252164
直接新增衰跪了跪了河北稳住,-3.0449584316379994,0.9790202072754248
新增无症状泪,-0.11468601201999995,0.9240011473500076
我们河北人民争取当好首都的护城河宁可全部感染也不让首都有危险加油,2.1774988400949,0.9991091837411854
河北个快赶上二三月了,0.8757811824880001,0.9711668588960464
河北省新增例确诊病例没有进一步介绍其中多少例是无症状感染者转诊全国新增无症状感染者例主要来自哪里可能大家也能猜到其它地方北京大连黑河市各新增例这几个地方疫情逐渐受到控制河北省除了现在处理疫情之外数据处理分析也要跟上才行,3.4343610523471213,0.9525255826513502
河北稳住今天学校全体师生都要做核酸检测了,-1.3105330873675998,0.9946792619355674
好家伙个无症状裂开裂开裂开,-8.230297882829,0.006978556685991122
我真的窒息了泪我大河北,-5.012569604577999,0.9921706803544718
人们只会对神秘和未知恐惧已知的困难我们有条不紊的面对就好只要大家各司其职主动配合这点困难是可以战胜的加油中国,14.414542310332001,0.999987269630232
是北方太冷了病毒更猖狂,-3.0117981180045996,0.2496011683528918
加上无症状患者本土一天新增例泪泪泪,2.4344904351900003,0.9919833371176656
石家庄疫情霸屏热搜榜仿佛又回到了年初的状态别慌经历过大风大浪我们有经验有办法行动起来我们一定能赢石家庄加油河北加油,11.01793288051292,0.9999834290105803
算下来河北新增确诊无症状另有例昨日无症状转确诊合计新增,2.450090364091,0.8066215505314238
河北加油打打打打,3.2008909719520005,0.9982223047085996
又新增例啊悲伤悲伤挺住还想过个好年呢,-1.7600631397976,0.9997128670555222
河北撑住啊,-0.18078067591399996,0.9348717248012212
河北例不敢相信,-0.4463781253379999,0.7821253536261465
河北加油,3.4910505920520003,0.9871754794794214
河北加油中国加油,7.152973738764,0.999391999020349
无症状是多少,0.0,0.4379786005896201
我只想知道有没有邢台的,-0.598689213166,0.2807773720319153
还好比想象的少一点,0.7667860165221,0.4332371644246451
加油吧希望疫情早日结束人民可以真的放飞自我,8.566694509524,0.990509474665732
河北例都是哪的还是石家庄和邢台吗,-0.1443743283755543,0.971071597823279
稳住,0.28246588094,0.5
严防严控不松懈,-0.222764585019,0.3108100097385964
无症状多少啊,0.0,0.4379786005896201
严防严控希望疫情早日结束,4.080787396988001,0.3617537007408948
不要啦我们大河北你要挺住,0.5145095017719999,0.9323299796233789
中国加油我坚信只要稳住心态搞好生活不乱走动就能赢,6.3399246699062,0.9956849891510996
河北加油,3.4910505920520003,0.9871754794794214
保护我方国际庄,3.1810666634539997,0.8486368328705111
在石家庄瑟瑟发抖等核酸检测以及狂刷疫情泪,-5.4523790112265536,0.9776840345552471
河北昨天新增例确诊多例无症状感染者一共多例唉,-0.21487699207299987,0.1981209985323602
太快了吧河北挺住愿早日清零,5.528698036252002,0.9521102430078124
河北在疫情通报中的表现像极了直辖市,2.1222954604570003,0.9571384920532604
河北加油,3.4910505920520003,0.9871754794794214
卧槽我现在就看无症状感染者惊了跪了,-3.8249167469310006,0.7751195018713015
我们国际庄加油已经不出去了,5.2169664383,0.9512191913805774
卧槽挺住做好防护,-1.687463143344,0.9478873610839677
河北顶住啊,0.034238165950000066,0.5365066358453591
河北加油石家庄加油,6.467612488419446,0.9992337096570172
病毒应该传播一段时间了,-0.24863984714,0.9701554488940648
天呐,0.0,0.4925515515979148
河北无症状的增加了多少,1.137073378248,0.8399366588967837
啊这挺住,0.0,0.6243048305555978
希望一切安好吧,3.02219023505,0.8689538930972868
做好防护措施呀拳头,1.7362369797663002,0.9214317021649692
香港是真的拉胯,-0.17964733903100005,0.7896453354997569
河北加油,3.4910505920520003,0.9871754794794214
河北加油,3.4910505920520003,0.9871754794794214
河北加油,3.4910505920520003,0.9871754794794214
加油石家庄会好起来的谢谢大家关心目前我们都在家等待核酸检测加油加油加油,20.314622331994947,0.9999802507430544
去石家庄转机有影响吗,0.14711550422244565,0.5635262819583107
下面还有新增无症状感染者还有例,0.8610852396200002,0.6571232754152191
河北加油,3.4910505920520003,0.9871754794794214
河北加油,3.4910505920520003,0.9871754794794214
河北加油加油加油加油,12.420673862892,0.9999792362581638
去年给武汉的同学们加油现在居然轮到自己了石家庄小破庄战胜疫情没恐慌加油啊石家庄加油啊大河北抱一抱抱一抱,8.852501918208393,0.9999612713920768
河北加油中国加油我们一定能熬过去,7.152973738764,0.9991801281471524
啊我们河北啊,0.5145095017719999,0.8999999999999999
加油加油,5.95308218056,0.9878422480679184
昨晚发布会就把数据公布了不行么,-0.21225331621199994,0.09240844307554764
河北加油,3.4910505920520003,0.9871754794794214
河北我的大河北加油啊大家注意防护戴口罩加油加油加油加油,15.427833545515998,0.999999899479762
新增渐多继续加强防护加油,5.414737672135002,0.992049836576989
去搜健康河北官微石家庄卫生健康可以关注一下并不简单并不简单并不简单,10.845377151224444,0.991137376253864
河北加油,3.4910505920520003,0.9871754794794214
河北加油,3.4910505920520003,0.9871754794794214
河北加油,3.4910505920520003,0.9871754794794214
河北例跪了,-2.030161096938,0.9264717012555548
加油做好防护,4.557148010816,0.9914164480529573
河北加油啊挺住啊,3.4910505920520003,0.9913911798240614
河北例太糟糕了,-1.441958512258,0.7482810417520799
保卫华北保卫东北保卫全中国,8.041457037166,0.05907115656237327
今年还是老老实实在家别拜年了年会也都取消吧,-0.5623854239380001,0.07304054570367391
加油,2.97654109028,0.9047619047619048
祖国加油同胞们加油我们万众一心一定可以打败疫魔的心心心心抱抱抱抱抱抱抱抱,16.585892219262,0.9999992411853438
加油加油一定要做好防护,7.533689101096,0.9989887447201122
加油加油加强防护,6.669513117305,0.9984833795611314
保定检察保定检察省区市新增确诊例河北新增例本土确诊病例,1.1036721655442003,0.9974553647484752
保定检察保定检察省区市新增确诊例河北新增例本土确诊病例,1.1036721655442003,0.9974553647484752
河北例都是哪儿的啊跪了,-2.030161096938,0.93303361333345
河北加油心,3.5771013263112996,0.8901424531480241
河北加油抱抱抱抱,4.804776495265999,0.9982223047085996
河北加油中国加油,7.152973738764,0.999391999020349
陕西的密接结果还没出来吗,0.790209116928,0.2783492342675821
现在没人问问石家庄万一个的限高杆的事了吗,-0.0393495396031549,0.857448036758692
河北一定能挺过去,0.5145095017719999,0.9579854434084132
还能在石家庄不出站换乘吗,-1.5092452668665544,0.18003991231959382
希望考试结束后可以顺利回河北,2.8100657581279997,0.9896551246307532
希望牛气冲天把疫情击退大家平平安安健健康康的,9.230083859795,0.5320865816514018
河北加油安徽正宗牛肉板面加油,9.238761468944,0.9967426877311836
希望所有人平安回家心石家庄正宗安徽牛肉板面挺住泪,4.307082163126745,0.8701582937728383
河北加油,3.4910505920520003,0.9871754794794214
又新增这么多无症状,1.7217656451099999,0.18953879797875292
希望往好的方向发展,1.5007970978025,0.9603591936609218
加油加油过年还要去石家庄希望快好起来,6.650822451134957,0.9956233375583332
介于冬季高发期能不能建议境外输入的增加集中隔离的天数呢,2.792035705878999,0.5682007100419791
石家庄加油心心,3.1486633648860463,0.980702740700976
预测河北新增无症状个左右加油哦,5.57461180884,0.9982228954421604
我庄泪加油加油,5.95308218056,0.9987362503935056
心慌失望失望,-5.7564047909000005,0.3242293657168286
辽宁赶快清零吧,0.822504623594,0.6434065930458628
河北加油看来打疫苗之前防护还是不能松懈啊过年还是少聚集的好,4.8460453177991,0.9997108427351168
河北加油还要回家过年呢,3.2038720113120003,0.9858687356790049
河北加油拳头拳头,3.5817840136906,0.9842250862959092
河北加油,3.4910505920520003,0.9871754794794214
河北加油石家庄加油心鲜花鲜花鲜花,13.650947606548744,0.998753601467592
河北加油啊,3.4910505920520003,0.9871754794794214
河北加油泪,1.6545989349219998,0.8901424531480241
石家庄加油加油河北加油加油,12.420694668979445,0.9999895166449038
河北加油,3.4910505920520003,0.9871754794794214
打打,-0.14507981005,0.7499999999999999
加油,2.97654109028,0.9047619047619048
快过年了人流量又大好起来吧,0.86966039205,0.6483974138540247
河北加油,3.4910505920520003,0.9871754794794214
加油,2.97654109028,0.9047619047619048
大家都要平安,2.48501394411,0.2400827855011831
注意安全,0.0,0.5262327818078083
河北加油,3.4910505920520003,0.9871754794794214
这让我有一种去年年初那时的恐慌失望稳住啊想好好过年失望,-4.4579299192090005,0.2597651724609622
建议全国涉外口岸实行封闭式管理凡出入封闭区人员货物运输设备集中在封闭区隔离消毒加工全国机场港口车站暂时划分为特定国内运输机场港口车站国外特定运输机场港口车站并划分封闭隔离区缓冲区参加国外航班机组人员船员司机不得随意参加国内航班船舶车辆运输,7.212901183522001,0.00027418138555967975
又新增例啊悲伤悲伤挺住还想过个好年呢,-1.7600631397976,0.9997128670555222
愿大河北一定挺住,0.5145095017719999,0.925395196495585
做好防护啊,1.580606920536,0.9310558581724172
严防严控希望疫情早日结束,4.080787396988001,0.3617537007408948
各位领导们能取消限号嘛这么冷不敢做公共交通顽强的选择限号就走路上下班羞嗒嗒,-2.9868665152356004,0.028353200810337983
河北加油石家庄加油希望疫情早日度过,10.508274467981446,0.9994404525575044
河北加油加油,6.467591682331999,0.9984833795611314
驴肉火烧加油给你小心心,2.9891932433533,0.9638777768148052
做好防护从自己做起戴口罩少聚集,4.5419576640961,0.9981901163700828
严控境外输入疫情不要玩火,-0.6261723907730001,0.4617205735598018
陕西加油人民出门一定要带好口罩,0.8067822738020003,0.9055864835782098
都加油,2.97654109028,0.9130795021354404
昨天还是无症状个个确症今天这个速度太快了,-0.957103633697,0.9378259746914815
河北怎么突然那么多新增,2.7183695275128006,0.7297953905324703
无症状河北新增有几个,2.236275146882,0.9614155803300174
太难了,0.0,0.27935475761477235
河北加油,3.4910505920520003,0.9871754794794214
严防严控,0.503947020951,0.4871403113724171
加油严防严控不能松懈注意个人防护呀,3.470207442006,0.9689954542009764
我大河北加油国际庄加油,8.708017030352,0.999618764580264
河北加油,3.4910505920520003,0.9871754794794214
加油,2.97654109028,0.9047619047619048
女网警说话筒省区市新增确诊例河北新增例本土确诊病例,0.8211648020620004,0.7833205000443777
不想在家上网课啦,-0.32627112423000004,0.6435735705746432
加油河北,3.4910505920520003,0.9871754794794214
不要放松坚持防疫河北必胜中国必胜,11.055006367064,0.8516530630183896
梨花还会开春天总会来加油国际庄,7.5988602740990006,0.9991546637001572
拳头,0.0453667108193,0.5
顶,-0.333493289257,0.549019607843137
加油河北,3.4910505920520003,0.9871754794794214
心,0.0860507342593,0.7648725212464591
做好防护加油,4.557148010816,0.9914164480529573
加油愿一切都会好起来,5.485929355680001,0.4988774287087448
加油稳住啊继续加强防控带好口罩,1.0646277316,0.8801224967378622
河北加油,3.4910505920520003,0.9871754794794214
太吓人了,-1.98277353837,0.06767890528464271
我的故乡加油我的石家庄加油虽然回不去但心和家人在一起天天守着看进度失望失望,5.016209683650446,0.9732280930042704
河北加油,3.4910505920520003,0.9871754794794214
霍山朏朏饲养员霍山朏朏饲养员曹你可千万做好防护太夸张了,2.2197888580145,0.8022164867408227
河北加油啊,3.4910505920520003,0.9871754794794214
注意防护,0.716430936745,0.8999999999999999
天感冒感冒感冒感冒吃惊吃惊吃惊北方城市小学放假吧,-10.1490573562391,0.01003661913632048
要稳住,0.28246588094,0.5
石家庄加油辽宁加油黑龙江加油加油,13.111754142927447,0.9999869002027209
坐等行程公布,3.831359227561,0.0961959236719978
天哪感冒,-2.6921768304015004,0.20561678111155998
妈呀,0.0,0.5
河北加油,3.4910505920520003,0.9871754794794214
可爱的城市生病了,1.2465560123640005,0.8283295297365177
快过年了希望大家今年能顺顺利利的过心,0.904165336907,0.8973891587849014
河北加油中国加油,7.152973738764,0.999391999020349
临近过年怎么越来越多了傻眼傻眼,-4.1749920843987995,0.3284038146885829
河北加油中国加油,7.152973738764,0.999391999020349
河北加油,3.4910505920520003,0.9871754794794214
转发微博,2.48158398002,0.6438907129142762
河北加油,3.4910505920520003,0.9871754794794214
严防不松懈,-0.222764585019,0.32193684157878666
加油阿,2.97654109028,0.9047619047619048
做好防护别麻痹大意加油加油加油,9.782916926382999,0.9999634960859549
加油呀,2.97654109028,0.9047619047619048
裂开太多了本土比境外还多,-0.8592441673989997,0.08512259904718744
河北加油,3.4910505920520003,0.9871754794794214
河北的反应太慢了都一年了感觉官方一点经验都没有,2.66177731714787,0.7241491121560912
河北挺住,0.5145095017719999,0.930865291513726
河北加油加油加油,9.444132772611999,0.9998224387349488
河北稳住能赢,2.014745560962,0.9425730470085332
祝平安,4.47758594214,0.7500624229391235
我给自己加油抱一抱抱一抱抱一抱,4.3744493788925,0.9975272749576822
加油啊泪,1.14008943315,0.8953191672196191
加油加油,5.95308218056,0.9878422480679184
河北,0.5145095017719999,0.8999999999999999
加油啊中国加油,6.638464236992,0.9950947352025168
辽宁加油中国加油,7.460968860585999,0.9945544782436426
河北无症状多少,0.5145095017719999,0.8632827250178728
愿平安,4.99440220951,0.20459963305012785
吓人,-1.98277353837,0.1333333333333334
加油石家庄加油河北,6.467612488419446,0.9992337096570172
真揪心希望疫情早日过去,2.7435466205120003,0.915501669872057
河北加油,3.4910505920520003,0.9871754794794214
中国稳住河北加油米奇比心米奇比心米奇比心,20.419387816404,0.9995981804508904
大河北加油一定会挺过去拳头,3.52280728962551,0.9950453707043874
河北加油石家庄加油挺住,6.467612488419446,0.99948766323507
石家庄撑住啊安徽板面加油,3.0640168383764457,0.987480464246314
我能做到的就是为中国加油加油并且宅在家里刷微博酷非要外出就一定戴好口罩尽量不给祖国添乱耶,2.2314688634189994,0.999842110297402
农村一定是传播最快的因为都在走动泪,-0.656508324651,0.9954279572116552
注意防护啊,0.716430936745,0.8999999999999999
河北加油,3.4910505920520003,0.9871754794794214
河北都是哪的,0.5145095017719999,0.9086915066817696
新增例加油河北,4.251928610052,0.9729162765977568
河北加油加油,6.467591682331999,0.9984833795611314
草,-1.21571458455,0.7647058823529415
国际庄挺住啊啊啊啊啊啊,2.24042534802,0.992213818575382
河北加油,3.4910505920520003,0.9871754794794214
河北加油医护人员辛苦了保护好自己,4.2627178718369985,0.999271332872084
大家戴好口罩做好防护同心协力走向春天,5.070304563426,0.9999507014163572
大家都注意防护悲伤,-0.498901499675,0.9977727486348504
河北都是哪里啊,0.5145095017719999,0.9086915066817696
河北加油西安那九个赴河北参加婚礼的人核酸检测结果怎么样了昨天看到有点担心悲伤,5.062370961523,0.999942534033267
天哪河北挺住,0.5805980516704999,0.8819103047461379
加强防控,0.0,0.591727770320229
注意安全啊,0.0,0.5262327818078083
卧槽,-3.26807006388,0.5
泪天呐大家都要保护好自己,1.0478486154200002,0.966283832894266
河北加油,3.4910505920520003,0.9871754794794214
加油,2.97654109028,0.9047619047619048
我操,-2.9043608964599996,0.6956521739130435
哎呀我的妈河北要搞大事啊,-2.0582691116980003,0.8406279239765536
河北加油期待好转心,5.940627736151299,0.999102379402141
过年又不能回河北了,-0.18848416860499995,0.705709872472777
我的妈呀啊,0.0,0.5
都加油,2.97654109028,0.9130795021354404
卧槽,-3.26807006388,0.5
心,0.0860507342593,0.7648725212464591
心,0.0860507342593,0.7648725212464591
加油,2.97654109028,0.9047619047619048
怎么新增这么多,1.7217656451099999,0.8142337962713966
加油加油祝平安,10.4306681227,0.9954654009707414
转发微博,2.48158398002,0.6438907129142762
出门出行注意防护,0.7230686727719999,0.9233451918703804
这个疫情就过不去了嘛悲伤折磨了去年一年今年还是不能消停嘛失望,-6.858246724008999,0.7663469955872729
河北加油国际庄挺住,5.731475940072,0.9977739436009662
全球疫情月日时河北省新增例本地无症状感染者大家注意个人卫生防护是第一位的,3.659180754128,0.04135581410292655
保定检察保定检察省区市新增确诊例河北新增例本土确诊病例,1.1036721655442003,0.9974553647484752
省区市新增确诊例河北新增例本土确诊病例,0.5630211214320004,0.4883967569182545
愿平安我的庄,6.071540336389999,0.5365894286184176
建议封国无紧急事件禁止回国回国也要隔离一个月隔三差五就来个境外输入承受不起啊,-1.998275067755,0.006931153847164251
防范疫情别放松,2.380137763387,0.9520572686019642
河北摊手,0.5145095017719999,0.8901424531480241
河北加油心,3.5771013263112996,0.8901424531480241
本土无症状例河北有多少啊,1.372674332982,0.8983766163764291
转发微博,2.48158398002,0.6438907129142762
在一起加油加油加油手牵手一水山间一水山间石家庄疫情霸屏热搜榜仿佛又回到了年初的状态别慌经历过大风大浪我们有经验有办法行动起来我们一定能赢石家庄加油河北加油,23.19615702779292,0.9999996751394186
稳住严防严控加油,3.7629539921710005,0.8797205554601758
加油加油大家共度难关,10.099839300680001,0.9850429266729138
石家庄所有小区全封天万人日内完成核酸检测各位放心国际庄加油,4.7722276998654465,0.9805828392161196
河北加油,3.4910505920520003,0.9871754794794214
境外输入怎么每天都有这样下去不行啊我的天哪,-1.0160117770122,0.18570626791585346
别丧行吗微笑阳光起来一切都会好的吧别说那丧气话,4.534497442109999,0.956272908417942
加油河北,3.4910505920520003,0.9871754794794214
河北挺住,0.5145095017719999,0.930865291513726
我们河北没问题的国际庄也没问题的我们一定能成功心心心,4.645441107613999,0.9216836783430876
虽然我是山东的距离河北也挺近的希望河北快点好起来河北加油你们一定要戴好口罩没事少出门加强防护我在山东祝河北疫情早点结束快点好起来,8.358032008184207,0.9999999987935806
河北加油沈阳加油一切都会好起来的,6.8357889071910005,0.9993372864794376
天气越来越冷新增越来越多了跪了,-1.6609579135674004,0.08650149922029593
天哪,0.0660885498985,0.3812173913043477
我们河北没问题的国际庄也没问题的我们一定能成功心心心,4.645441107613999,0.9216836783430876
大家好才是真的好,-1.25932173437,0.7250629389789853
我们领导昨天刚从石家庄回来今天还召集大家开线下会有个发烧的同事也一起参会我好怕泪领导做了核算但是结果还没出来他为什么不主动隔离泪泪,0.4140593789239861,0.9998442523900464
新增的哪里的人为什么不说,1.304427919301,0.10801127474113137
河北加油呀家乡加油拳头拳头,8.3753920426606,0.9997398811824804
河南加油一定要把好关,3.353554943054,0.2815861205826742
加油,2.97654109028,0.9047619047619048
直接新增衰跪了跪了,-3.84193381435,0.8648093546836095
河北哪里啊石家庄几个啊都哪里的不知道轨迹先报点信息安抚安抚人心吧,2.5852583403652463,0.9997868722482114
河北的出行程了吗,1.830968810972,0.6830727614036448
卧槽这河北不废了么咋搞的吃惊,-2.5829422932850004,0.30813230736675834
希望疫情快点结束大家平平安安,3.632569191557,0.6120593888391537
转发微博,2.48158398002,0.6438907129142762
看到说要做核酸了允悲允悲我只想说新疆自从月份从两周一次全民核酸到现在一周一次出门必须拿核酸卡,-2.2344909179936,0.9996372539674258
石家庄疫情每天看一次微博后背就会发凉一次虽然不在疫区虽然不会有危险但是身处他乡当时身边城市有疫情都没有如今得知家乡省份有疫情这么难受不是怕回不去是害怕这日益增长的数字相信党和政府所作所为都是最好的安排期待石家庄早日康复,-4.129420897516408,0.9798482439392664
稳住啊,0.28246588094,0.5
河北加油愿安好,7.990420536492,0.9765927970591703
吃惊吃惊吃惊,0.511854806469,0.19365234693093525
河北加油,3.4910505920520003,0.9871754794794214
为了自己和家人的安全今天过年身处外地的还是别回去了,1.233359642584,0.7430240908594783
河北疫情来的太突然了加油,4.8311015664940005,0.9703259950584292
平安我的姨妈后呀我的姨妈后呀我的城市生病了但我们会治好她看见朋友说尽管我已不在石家庄了但我会为石家庄加油愿春暖花开之季能岁月静好对虽然此刻我不在石家庄但我们会给在河北的你们加油泪,11.186514348184335,0.9973797639376776
石家庄的菜米面油等已经抢疯了白菜昨天还一块钱今天三块估计明天想买也没了请政府稳定人心让老百姓别这么恐慌衰,-1.9554333505268944,0.6573242907080683
过年还能回去不,-0.6087237452805999,0.3212315968257854
山西一定要给我挺住啊尤其太原允悲离石家庄太近了泪,-1.4519711394538313,0.9803283194448372
河北挺住,0.5145095017719999,0.930865291513726
感染者行动轨迹及时公布一下谢谢,6.087981256030001,0.7824615655015736
爸爸在石家庄工作目前被通知做核酸检测河北加油石家庄加油,6.958460963940293,0.9998774350233786
老鼠称六害其一生肖鼠年给人们不吉利的连年直接给人类带来灾害,6.297016012684001,0.7566273816267574
感冒感冒感冒,-8.274796140900001,0.07610564517702956
做好防护呀,1.580606920536,0.9310558581724172
要是没境外输入怎么会那么严重真讨厌,-1.0719590520110005,0.3823929254643539
大河北加油,3.4910505920520003,0.9874632467831478
你不觉得我们国家需要把国外入境的隔离时间增加吗最好一个月,1.3765402596483,0.21244856784970112
河北加油加油,6.467591682331999,0.9984833795611314
内地严查下都有境外输入漏网之鱼香港这只舔狗怎么死的都不知道,-0.8666512999820001,0.9552661693923103
省区市新增确诊例河北新增例本土确诊病例国家卫健委通报月日时个省自治区直辖市和新疆生产建设兵团报告新增确诊病例例其中境外输入病例例广东例陕西例上海例天津例本土病例例河北例北京例辽宁例黑龙江例,-3.9713194288929987,0.9987958428418194
河北挺住啊,0.5145095017719999,0.930865291513726
我觉得河北的疫情防控工作做得不够好北京辽宁疫情严重起来的时候河北卫健部门就该对境外输入提起分注意了这次邢台和石家庄相关病例高度相似如果真的是境外输入并且通过家庭聚集传播那今后全国各省要对境外输入病毒更加警惕对入境人员货物加强抽检力度吧作揖,10.55213745371797,0.9987977794903644
谁能告诉我号新增号是那现在一共是有症状确诊的人吗,-2.084633646852,0.011056711720433543
河北加油中国加油,7.152973738764,0.999391999020349
大河北要稳住啊加油加油加油,9.726598653552001,0.999807259984878
省区市新增确诊例河北新增例本土确诊病例,0.5630211214320004,0.4883967569182545
转发望周知疫情不可怕可怕的是疏于防范非必要不聚集出门必戴口罩回家勤洗手有相关地区人员回来的及时报备从我做起加油中国加油,5.250206326303998,0.9999525728707132
河北加油心,3.5771013263112996,0.8901424531480241
疫情仍然存在不要掉以轻心,-1.4407186339879998,0.4737672181921908
加油,2.97654109028,0.9047619047619048
河北加油,3.4910505920520003,0.9871754794794214
加油心,3.0625918245393,0.5
河北挺住,0.5145095017719999,0.930865291513726
河北加油加油加油加油,12.420673862892,0.9999792362581638
裂开,-2.564132757,0.16666666666666674
加油河北,3.4910505920520003,0.9871754794794214
河北加油心心心,3.805638889004,0.9563024306917736
年关又有天呐泪,-0.27301306761849997,0.33304624613418565
元旦期间去过石家庄邢台的自己应该隔离自己,2.4148166586694457,0.7382895789637278
河北咋了快点儿控制住吧,-1.276712510481,0.8307919365671733
河北终于刷了一波存在感,-0.1671339921109999,0.8053000197294385
河北为什么一下就爆发了哪里的漏洞失职严查,-2.69403878156,0.7520593814313795
河北加油,3.4910505920520003,0.9871754794794214
加油,2.97654109028,0.9047619047619048
河北加油,3.4910505920520003,0.9871754794794214
紧急通知鉴于近来全国各地疫情不断增加为了积极预防建议大家连续三天至少醋熏家里或者每一个人闻醋香深呼吸每天吃饭菜沾点醋或喝点醋咱们山西高粱醋对流感时疫有很好的预防和对治作,7.265940128733201,0.5664202907467552
早点清零吧,-0.19976089267799998,0.5342997355328525
都不发石家庄的情况了,-1.4596142515825543,0.2458764562049541
加油加油河北稳住,6.750057563272001,0.9983157100316026
石家庄加油,2.9765618963674463,0.9495364005842236
邢台人瑟瑟发抖,-2.062357252375,0.8288122331898204
广东官网报的例这里例数字不对,0.42176642067500003,0.4884558143328259
此去辞归此去辞归裂开,-3.1576901335680003,0.12739013031370272
啥也不说石家庄加油河北加油,6.040450793762447,0.9974844056233004
大家都要保护好自己不要放松警惕,4.210496135601501,0.9525935640191776
省区市新增确诊例河北新增例本土确诊病例,0.5630211214320004,0.4883967569182545
大疫情过后没见哪个省一天新增这么多,2.260297483475,0.04324147744981744
卷土重来吗泪,-2.239422466572,0.4737672181921908
加油,2.97654109028,0.9047619047619048
严防严控不松懈,-0.222764585019,0.3108100097385964
注意安全,0.0,0.5262327818078083
河北都这样了河北的高校还不放假吗机票已经被改签了次了很多司机师傅都不接去机场的单了我们怎么回家学校措施居然只有一个戴口罩考试,-1.8074434892647997,0.9993064330245964
六安裕安检察六安裕安检察省区市新增确诊例河北新增例本土确诊病例,2.8725423997382005,0.8495861569949733
我的家乡啊挺住加油,4.7936080289700005,0.9903254880687574
转发微博,2.48158398002,0.6438907129142762
河北加油,3.4910505920520003,0.9871754794794214
广东防住了新疆防住了北京防住了没想到最不可能也最没存在感的河北上来了,3.5785713473882006,0.9704839500650811
火小山火小山我感觉疫情又快要开始了,-2.6856604267258,0.7502518113062452
所以河北无症状新增个,2.236275146882,0.6545697217498286
不能放松警惕,2.108431680121,0.794974515709925
峰峰这数目,0.7858465769399999,0.9310772274514921
加油河北,3.4910505920520003,0.9871754794794214
这传播速度太快了吧,0.0,0.954014582255146
我们单位一个四号从石家庄回来的口罩也不带,-2.2455187388385545,0.12305398002130008
河北加油中国加油呀,7.152973738764,0.999391999020349
愿平安加油,7.970943299789998,0.6875035102234363
河北加油拳头心,3.6224680371306004,0.9950971076929302
河北加油挺住泪,1.6545989349219998,0.9943366098220908
心,0.0860507342593,0.7648725212464591
据中疾控冯子健介绍石家庄疫情由境外输入性大且已隐秘转播了一段时间当前国外疫情仍在继续中外人员物资流动不可能停止如何早发现早控制是难事各地能否不定期抽若干个区或乡镇开展全员核酸检测找出隐秘转播者这样安排成本虽有点高但能早发现问题也避免打被动仗,2.3410043132365437,0.02531521821428595
家乡加油,4.7936080289700005,0.985595505755852
河北挺住啊,0.5145095017719999,0.930865291513726
河北挺住河北加油,4.005560093824,0.9989294578072844
河北加油,3.4910505920520003,0.9871754794794214
过几天我还能去石家庄参加婚礼吗,2.868846267567445,0.6555084276398112
大河北加油,3.4910505920520003,0.9874632467831478
求求河北寄宿制高中放假吧学校人员密集封校的话学生们真的很恐慌泪,-10.0465634757099,0.9970546357746629
我的第二故乡石家庄一定会好起来,1.1800465661774455,0.8706698387459769
严防严控加油石家庄,3.4805089173184456,0.9414887814647528
加油,2.97654109028,0.9047619047619048
天哪挺住啊河北,0.5805980516704999,0.8819103047461379
理清传播链才是重中之重源头没找到才是大家恐惧的根本相信党相信政府河北加油,5.582559470648,0.9997686311580688
稳住我们能赢,1.50023605919,0.6694951640820719
泪,-1.83645165713,0.9230769230769228
河北加油打打打打,3.2008909719520005,0.9982223047085996
微笑,2.4454685438999997,0.7608695652173911
石家庄加油河北加油,6.467612488419446,0.9992337096570172
直接新增衰跪了跪了河北稳住,-3.0449584316379994,0.9790202072754248
小红花,0.0,0.5025370734601784
我大河北稳住啊加油,3.773516472992,0.9860942172256488
粤姐姐话你知省区市新增确诊例河北新增例本土确诊病例疫情防控不可松懈,-0.874648633719,0.8642855785132113
参加婚姻所有人的天内轨迹,3.2635677568370003,0.964308633848414
加油,2.97654109028,0.9047619047619048
河北加油中国加油外出一定要记得戴口罩啊一切都会过去的加油,10.019232929146003,0.9999962368897332
北方整个疫情期间就没消停过一波又一波的冷链隔离人员老出问题这不应该老是出同样的问题啊,-0.3093917230654,0.002424728791943553
河北挺住啊,0.5145095017719999,0.930865291513726
河北加油国际庄加油大沧州也要加油争取泪泪,11.948852304748002,0.9999995756500746
现在很多地方对不戴口罩不怎么关注无语,0.03912268526700002,0.7682920406351631
河北加油,3.4910505920520003,0.9871754794794214
希望再无新增,2.7539742011199997,0.6671608386986128
小王小王永不加班小王小王永不加班河北有点爆发啊,5.003556929737202,0.9999756776234802
挺住过年了,-0.12804321910299998,0.5993681518698788
河北的空气干燥利于细菌病毒传播裂开,-0.957382537492,0.9737395024734998
悲伤,-1.21533243642,0.9803921568627452
石家庄加油藁城加油相信很快战胜疫情,8.305021961239445,0.999840512274686
河北加油,3.4910505920520003,0.9871754794794214
加油我的国,3.485427836641,0.9467053393096933
稳住啊,0.28246588094,0.5
河北新增无症状多少,2.236275146882,0.9011718062449612
一定要挺住啊泪泪泪,0.0,0.9943057692851346
石家庄加油希望我女朋友可以回石家庄过年,3.379969531653692,0.9769865529204292
我是河北人我为河北加油,3.4910505920520003,0.9986597201527376
唉年底了又是高发期了还是减少聚集做好防护没有必要不到处跑不去人口密集地区,3.674716102404,0.5898240803461389
我想知道疫情有没有出那个村,-1.048891774739,0.18817188419772124
河北挺住,0.5145095017719999,0.930865291513726
我的个天呀怎么一下子这么多,-0.584388070039,0.6086202373853872
石家庄有点猛呀,-0.30312007065545443,0.9327261439790874
我想知道石家庄多少邢台多少,-0.5986684070785544,0.6803933883561334
顶住啊,-0.480271335822,0.125
作为河北发现不明病例第一时间要做的就是召开新闻发布会拉响警报让民众警惕起来防止进一步传播扩散,-0.3371796456131999,0.9982959104315756
加油加油,5.95308218056,0.9878422480679184
就不该来河北出差汗,-1.2685161173189998,0.7813199410056004
相信你大河北保持冷静继续前行最多十天必清零,2.1739297535585003,0.9943359618152818
疫苗接种了没有,-0.947449008627,0.8274475327419933
机场等关口一定要把控好预防境外国家带武器进来,2.1594513116860004,0.9934288443557668
噢,1.15433892015,0.875
河北加油,3.4910505920520003,0.9871754794794214
我滴妈二哈二哈二哈,0.0,0.4097607460202903
河北加油石家庄加油泪泪我要回家过年,6.108639262494448,0.9997280839883368
加油拳头拳头,3.0672745119186002,0.8850591333862057
挺住啊河北,0.5145095017719999,0.930865291513726
天啊河北怎么回事,0.5805980516704999,0.6890281647286651
石家庄加油河北加油,6.467612488419446,0.9992337096570172
河北完胜辽宁北京啊这涨势凶猛肯定不是一天起来的不知道潜伏多少天了,4.937385225327501,0.8180788724831978
河北加油加油,6.467591682331999,0.9984833795611314
金豆家的亲子装童装金豆家的亲子装童装悲剧了封了,4.589368332502,0.2360480783975967
之前没感觉这突然这样感觉好没安全感强大的后盾不结实了,5.5871193861468,0.4764569147085721
河北的病例详情怎么不给出啊,0.564466028302,0.7874261230689106
我在上海为河北加油,3.821914944082,0.9830498971758688
河北加油,3.4910505920520003,0.9871754794794214
河北无症状一共多少,0.5145095017719999,0.4981400381320845
河北管控太差劲了吧管事的下课吧,-5.969136878257999,0.7291920559098274
希望稳住,1.3146744369499999,0.5369038447347817
石家庄上大学今年月又往返石家庄培训体检希望可以赶快好起来国际庄加油,8.527540270125892,0.9995976747277044
还行比我想的少河北加油,2.6000307171841,0.9933075574834574
怎么办我过年回家还要经过石家庄,-0.3589565810550435,0.4811348400197415
加油鸭,3.961439973251,0.7856609738518143
卧槽,-3.26807006388,0.5
加起来多这比去年厉害多了河北人民稳住了骑大猪撞地球骑大猪撞地球新增无症状泪,-4.376501859867121,0.9999999951433504
撑住加油,2.281250912594,0.9380873041752636
河北加油,3.4910505920520003,0.9871754794794214
一觉醒来可以再继续睡了二哈等待通知核酸,-0.6617021433479999,0.016220054602254175
这个通报我就看不懂,-0.437135690714,0.2502787994948391
河北挺住赶紧好起来,0.8194794959830001,0.8965480936623638
心,0.0860507342593,0.7648725212464591
石家庄老大慌的不行估计,-7.0100958528525545,0.2519267763462738
河北东北都要加油啊,4.129111518801,0.9920334581619044
拳头,0.0453667108193,0.5
加油加油加油,8.92962327084,0.9985630869920382
河北有的不好的遇感,-0.8744879824379999,0.8299079069669283
秦皇岛给石家庄加油给我大河北加油泪泪,6.892192621077446,0.9992685342580628
尽快公布具体轨迹吧跪了,1.46463046841,0.5250871030834601
我们要看流调光知道人数有什么用,0.33426897656300003,0.2578156263146961
加油加油加油加油国际庄挺住大河北挺住,14.661099210912,0.9999961292026408
年底了赶紧控制住啊一定会的,-1.161500925577,0.11272905381192233
我的妈吓一跳加油啊,1.6536313835299998,0.7938171071567529
做好防护不聚集带口罩加油,5.172887310526001,0.988249669005478
河北加油,3.4910505920520003,0.9871754794794214
平安平安平安平安平安平安平安平安平安平安平安平安平安平安平安平安平安平安平安平安平安平安平安平安平安平安平安平安平安平安平安平安平安平安平安平安平安,91.94551593206995,1.4591770474026154e-05
弱弱的问一句既然回国飞机需要核酸阴性证明才能登机那这些境外输入阳性的是不是都涉嫌伪造检测文件是不是应该付责任,-4.169440559657,0.0006932812105748809
河北加油,3.4910505920520003,0.9871754794794214
河北加油,3.4910505920520003,0.9871754794794214
就是这么严重的情况下昨天河北医科大学学校在石家庄居然放假了万多人的学生奔赴全国各地神操作,-0.7017694346239539,0.9971383169419192
河北加油,3.4910505920520003,0.9871754794794214
石家庄加油坚持住大连人民送上祝福赞,9.000559709393444,0.9999083189562769
参加酒席那些另外说走路上的非不带口罩戴个口罩咋的了,-3.1244860641056,0.15628339098867905
我们大河北的省会挺住加油,3.247803471201,0.9845329376371988
河北怎么这么多,0.5145095017719999,0.8999999999999999
转发微博,2.48158398002,0.6438907129142762
加油度过这个冬天国泰民安手牵手,5.1567227683757,0.9566381040280626
河北这个确定之前没有瞒报,0.52370072889283,0.8901424531480241
妈呀河北这个也太快了希望稳住啊河北加油,5.320234530774,0.998413238085656
我在山西阳泉为河北石家庄加油,5.698670675403445,0.9919728283561192
河北加油啊我大国际庄加油,8.708017030352,0.999618764580264
早日清,3.234088343557,0.5156540906132792
可否考虑冬季暂停境外人员入境啊太太太危险了,1.309988388103999,0.3290814827832865
河北我知道你可以的河北一定要加油心,4.0916108280833,0.9849970828904442
保佑我河北,0.8374490696900001,0.8901424531480241
异地恋我在大连男朋友在河北,2.53204810563894,0.9991807261106592
河北应该是瞒不住了才上报吧不然怎么会这么多,0.8873908832999999,0.4198952737550703
挺住,0.0,0.6243048305555978
做好首都护城河安排好国际航班分流保障工作,4.3503657262137,0.990558239070011
平安,2.48501394411,0.2222222222222221
这也太恐怖了,-2.8214749072400003,0.16363055213422395
泪,-1.83645165713,0.9230769230769228
河北这个一下子又起来了希望尽快抑制住大家过个好年,1.0067228054230002,0.8271717321847443
我的老家石家庄加油啊,3.0887885480784463,0.980702740700976
河北加油石家庄加油,6.467612488419446,0.9992337096570172
河北加油,3.4910505920520003,0.9871754794794214
摩诘摩诘注意安全,1.408438424082,0.8678569536144267
河北挺住加油心心心,3.805638889004,0.9703620850647624
加油,2.97654109028,0.9047619047619048
河北的病例源头在哪,-0.873818492315,0.9849970828904442
河北加油国际庄加油,8.708017030352,0.9996099035176638
